<?xml version="1.0" encoding="UTF-8"?>
<project-private xmlns="http://www.netbeans.org/ns/project-private/1">
    <editor-bookmarks xmlns="http://www.netbeans.org/ns/editor-bookmarks/2" lastBookmarkId="0"/>
    <open-files xmlns="http://www.netbeans.org/ns/projectui-open-files/2">
        <group>
            <file>file:/C:/Users/ADMIN/Documents/GitHub/PRJ-Assignment/PRJ_Assignment/web/view/authentication/logout.jsp</file>
            <file>file:/C:/Users/ADMIN/Documents/GitHub/PRJ-Assignment/PRJ_Assignment/web/view/attendance/timetable.jsp</file>
            <file>file:/C:/Users/ADMIN/Documents/GitHub/PRJ-Assignment/PRJ_Assignment/web/view/attendance/checkAtt.jsp</file>
            <file>file:/C:/Users/ADMIN/Documents/GitHub/PRJ-Assignment/PRJ_Assignment/web/WEB-INF/tlds/dateTag.tld</file>
            <file>file:/C:/Users/ADMIN/Documents/GitHub/PRJ-Assignment/PRJ_Assignment/src/java/controller/authentication/BaseRequiredAuthenticatedController.java</file>
            <file>file:/C:/Users/ADMIN/Documents/GitHub/PRJ-Assignment/PRJ_Assignment/web/view/authentication/invalid.jsp</file>
            <file>file:/C:/Users/ADMIN/Documents/GitHub/PRJ-Assignment/PRJ_Assignment/src/java/mycustom/tag/dateTag.java</file>
            <file>file:/C:/Users/ADMIN/Documents/GitHub/PRJ-Assignment/PRJ_Assignment/web/view/session/info.jsp</file>
        </group>
    </open-files>
</project-private>
