<?xml version="1.0" encoding="UTF-8"?>
<project-private xmlns="http://www.netbeans.org/ns/project-private/1">
    <editor-bookmarks xmlns="http://www.netbeans.org/ns/editor-bookmarks/2" lastBookmarkId="0"/>
    <open-files xmlns="http://www.netbeans.org/ns/projectui-open-files/2">
        <group>
            <file>file:/C:/Users/ADMIN/Documents/GitHub/PRJ-Assignment/PRJ_Assignment/src/java/controller/attendance/student/CheckAttendanceController.java</file>
            <file>file:/C:/Users/ADMIN/Documents/GitHub/PRJ-Assignment/PRJ_Assignment/src/java/dal/CourseDBContext.java</file>
            <file>file:/C:/Users/ADMIN/Documents/GitHub/PRJ-Assignment/PRJ_Assignment/src/java/controller/attendance/student/TakeAttendanceController.java</file>
        </group>
    </open-files>
</project-private>
